Var1,Var2,Var3,Var4,Var5,Var6,Var7,Var8,Var9,Var10,Var11,Var12,Var13,Var14,Var15,Var16,Var17,Var18,Var19,Var20,Var21,Var22
311,0.0372974949466681,17.6354443849549,0.0197268592247551,0.0155718836017475,11.5825386930282,0.0115983675655334,0.00924049675979085,4.68242469428753,3.76004917822679,0.00492858478497782,3.53719446651324,2.89413409096177,0.00335576515691901,1.18179991901303,1,1.71877183857784,4.66635231020257,13.3048089544213,0.0832866873223862,0.138639835773358,0.197413898910243
313,0.0159764376104272,5.13626821705621,0.00182754070083153,0.00339858668887194,9.68345890292292,0.00343129965345515,0.006721331876066,0.925515605794864,1.90565493971631,0.000766772441541028,2.00297007890511,4.31323119647099,0.00169854112472893,0.40609431553878,1,1.00419729696364,0.576990686543168,20.829538107873,0.0585555979487155,0.0681918374221934,0.168761260874227
314,1.71172089710942,1.24810523430238,6.87869921952089,7.76138448797565,0.406933041696274,2.12730220963149,2.40213706787791,1.56341026035238,1.77259738064903,9.97063653422578,0.568524066349424,0.644790441875882,3.50815729108933,2.58098718649105,1,0.691418918178215,2.61035690995811,1.07236854058431,0.329450680570417,0.512766531801796,0.590881402409481
317,23.6342302749565,7.32015499061745,6.64844468550872,5.47622881416589,8.11870990662597,7.56869924824825,6.0680771770377,2.34650469275264,1.95129677442484,1.77340018289469,3.03475994885278,2.4360309195315,2.28479722834534,0.731531974525551,1,8.17711466884547,26.4410252970782,23.7240379339639,9.7583283083661,16.4951720862298,13.2969040457202
319,43.4041242921908,6.21218518454669,6.86685312355566,6.17554508355279,10.1805662726819,11.0090080074195,10.2316271860812,1.72617857769613,1.56376547539811,1.71696675564745,3.07994811836796,2.88096260222336,3.14281606750997,0.515673055575621,1,20.5207718080344,21.1737518037305,21.9276218665406,4.70860363263666,6.68637600462651,13.9063167197053
320,52.0369224694117,3.50266158787315,5.70178114648613,3.57892472251475,9.97039193929131,16.3312920178045,10.3061011642185,1.20617728153001,0.765747741164758,1.22568604356145,3.72885996726733,2.37307681445817,3.84473300448199,0.310065144056289,1,7.2459211589785,19.7636429949439,13.7240578644959,3.41400929104269,5.7480656884361,13.4174265639192
321,108.642396390985,0.0035487664163212,0.00355160262403611,0.00354774618169423,19.1242650432857,18.2954240477771,20.1441706883898,0.000825955530068981,0.000826352544943816,0.00082667885992558,3.90103057553817,4.25108737324444,4.13039434936772,0.000227074370791554,1,0.00906695297281796,0.0257476012505494,0.192365867872717,6.51140512505517,11.6656753864623,31.4415739032408
322,16.9262340408709,0.04960909756429,0.179094096585092,0.0472411763674944,3.75731894206502,14.90290962249,3.4586460503379,0.0438082930412043,0.0119849217317764,0.0419680109941278,3.6969150582521,0.918264809581701,3.53570191876736,0.0121032214061879,1,0.304825159999901,1.25169697237435,0.312344488821178,4.13992248302341,7.62763776575593,6.00628735323708
323,83.1681700618371,0.0861599779163254,0.0818491074431594,0.0795520813505227,16.7868524319203,15.9862384369845,15.6061591163691,0.0202021811873682,0.0196432438668804,0.0186630188051344,3.89272683327453,3.7776793512499,3.61194708989303,0.00544971811942971,1,0.236278215439766,0.581128088421478,4.36853888479103,6.08000016353467,9.09191541228574,22.3200600148717
324,24.7353621940327,0.041596118371422,0.0133035562978407,0.0136164641836902,17.2596017751548,4.75773330407878,4.84640148228519,0.00956152510546162,0.00980891047496754,0.00322382907994315,3.81361290809307,3.95186450740794,1.12238638610974,0.00266816700378546,1,0.176091385104829,0.975232299491541,19.2488779154642,45.4458600423848,85.3895164354559,168.920922651517
325,9.70041899003034,0.339181504505276,0.993034520117991,0.218394718525815,3.32203777819816,9.45015288586307,2.03450413858044,0.349901990814079,0.0786566024415873,0.221405735608174,3.71281888656961,0.821964496628349,2.2714008394309,0.0916432681463271,1,0.195996870967117,0.250057593274554,5.72902298636013,1.70512886373939,2.82763052469314,4.16025220112399
326,10.6618272058452,0.0377442143804549,0.0319265343250178,0.0162873522422523,5.96288195908826,5.30938268693459,2.30639710089235,0.0181603440018844,0.00947312567750793,0.00801319650409579,3.31705612876726,1.53508506367217,1.41201219398083,0.00531122891003375,1,0.0259727672049224,0.0941241862188151,8.64415421404352,5.65887888032531,10.8986117924383,20.6145987923255
327,9.99530619730544,10.0817382280767,9.92144182456514,43.7900172685158,2.55331931368028,2.51020847593194,10.5967344562291,2.53222296557268,10.7447946353156,10.4938318135707,0.762614563567114,3.08821813279325,3.01738261937075,3.05286744650975,1,5.45131176423702,6.50063233730258,7.61738371648812,1.40634964852734,1.78359557236849,3.63033535424267
328,4.13639919870438,0.435489487147354,0.430359864325628,1.72785663467197,1.43902581086483,1.42806235244182,5.71078318668192,0.15917549995862,0.623387411962449,0.601885213389617,0.594430307719092,2.19719245432531,2.28485969915837,0.257431908359342,1,0.28839134389474,4.36641829416806,3.43792918801007,0.783575569611693,0.931819714198876,1.88513238952515
329,22.2620952369176,1.92894923362875,4.83842151504982,2.0889923158459,4.87314855681459,12.6300486732741,5.32272460435048,1.10271232575548,0.488659528199786,1.18891354886228,3.21969159132524,1.39334038526988,3.44943555506241,0.319878217676298,1,3.33286761296886,9.55511833294372,4.30485055943958,2.56020940791679,4.22027278870907,8.49755925967746
330,11.4775544355303,0.37210146201962,0.439262502886238,0.281246847679004,4.58333241772,5.71083484208578,3.41024049960591,0.179608510166487,0.114566646026119,0.135401465152362,2.70789532570044,1.52088210960855,1.97763731640647,0.0646832286121257,1,1.33154574332871,17.9314531033754,9.05190616078295,4.0448807659942,4.43710302669522,8.15702969050065
331,2.02887010366535,0.491037026772257,0.111681042917165,0.0532893132973368,5.47706050424518,1.06131266301526,0.518434098059697,0.254035157239279,0.125746459148533,0.0297489236569607,3.03756995133959,1.57950145678972,0.315793387873635,0.0777154305514073,1,15.4268513361863,29.8445553570587,23.1504085017815,6.09616469278286,9.37349429930205,7.27451557746329
332,43.4710213269606,0.0441365535812253,0.0617221539931569,0.043220533448874,9.5872431616628,12.3231082027629,9.1984475980551,0.0159891365287522,0.0115041631305761,0.0157460490107527,3.19422482488938,2.48445479853407,3.33527347747454,0.00488080227282571,1,3.51623971597443,3.97992535604881,4.54044139596681,8.31612709509093,15.6045276165852,44.8335419112287
333,13.5873882815994,0.000688596071417176,0.00030249041861969,0.000416430243828529,10.2806633297011,2.63937155514127,4.49804996144565,0.000175872998607135,0.000243121689986703,0.000107011304491005,2.27705868176151,4.04478668336465,1.01580043205402,7.32807161005703e-05,1,0.305645408499583,0.319886689219281,3.78534200790018,9.6451826647065,11.8591661100647,32.4405884368591
335,1.19528434596028,0.023839383505045,0.00319156051316293,0.00192148597441712,6.49342273884682,0.500522531268176,0.30686476631564,0.0106645950590561,0.00654562498516761,0.000897990283720725,2.95606793442135,1.90006945521107,0.15653324749711,0.0033676687636977,1,4.59024624538674,12.6131010713471,24.5773651666275,6.17118747692985,9.93962979728163,7.80521563498828
336,0.0179745885933851,0.119868203357113,0.00971857813793096,0.279423740185693,0.100319969561036,0.00858573891078009,0.265788059277044,0.0569227871480218,1.72656558818706,0.129988576836292,0.0508538941423556,1.92085510678414,0.140684605557901,0.894904116323622,1,0.00471789939608376,0.00260251868806135,0.0037176825231269,0.013859190619595,0.0158639709540979,0.0229027805063223
337,37.5029267082071,0.0816815561660362,0.0262770888287567,0.026155206926203,21.5984814163768,6.31290877472825,6.52170457878679,0.0166926959418363,0.016564240845243,0.0055541118940183,4.28407222901326,4.38732907322097,1.33126245907039,0.00406492976116699,1,0.505671309236874,1.36356083625217,28.4529896669422,7.13413083088695,14.0998360503388,40.2832105817714
339,0.00143677031203012,17.4684143274262,0.000390976280605842,0.000453158731184872,13.3914086982909,0.000347479972736704,0.000394418844687877,3.24123101236525,4.55764886218823,0.000111833388166836,2.94721273142131,4.14571274004966,0.000112938158059402,0.977008621874825,1,0.0198061536721377,0.579690130058227,7.55312198228959,0.0378598935761911,0.0442055002097452,0.0499967592535587
343,1.3855739031847,4.23926837936774,1.10515615155138,0.481934027130582,3.60009718791486,0.920458656619349,0.417475676995809,3.03528069642159,1.23647512752521,0.341991840790429,2.77996696548454,1.20148552423797,0.315114583444505,1.02213521911401,1,3.09379034441669,37.9829080233314,13.5260950460713,0.502873960637941,0.723082655675193,0.773716891789444
344,22.0893073046056,0.47430831884606,0.47945756805918,1.51884538049675,4.49909611063817,4.53434429127863,15.3203562603702,0.110762703473048,0.339449754095464,0.344812376828952,1.11271248758208,3.63637623740888,3.68488535565026,0.0921462732411982,1,3.36242894006126,1.18044983611794,2.32113154718895,2.37689717601455,2.7156936252779,6.27861027675157
345,0.0223412851038048,0.0851561417537434,0.309521291549511,0.219971561044916,0.0339998505365395,0.119257109912248,0.0870958733840198,0.499111796201324,0.332752679003284,1.17852238306119,0.219169763995043,0.148202349887811,0.474128975876412,2.33166181081687,1,0.00646142990590159,0.0114693508989855,0.0102168890551197,0.00827883880730814,0.00931951011661318,0.0162241867103315
347,6.52291860043262,0.0174577987284468,0.0112580869206342,0.0736492601633993,2.06919923713311,1.24026828138643,12.692607114895,0.00407142270192253,0.0249971515343141,0.0162435916953012,0.471639891716929,4.07312842301921,2.71344560058815,0.00655771979024449,1,0.0156876435835112,0.368117755295476,1.61259776964258,0.947625747244711,1.06031037427977,2.69884324229384
349,0.0051604334471924,0.0181350954174131,0.00355407597284627,0.000814598381917263,0.126541000103639,0.0257390138552805,0.00455639878899652,0.0813949678686757,0.015722476539067,0.00335995980124539,0.94321629081658,0.137351995633007,0.0281917027431175,0.0723560826516613,1,0.0205887830143777,28.5430095650331,0.643506382443324,0.0805618878874045,0.054207992770114,0.0249414061872898
350,17.160277822166,7.03931149322903,3.76207662869095,2.77319481919768,9.83551075015399,5.22936124617899,3.79515079144185,2.15598455925277,1.60831249125998,0.873184888268895,3.43209180409706,2.53900693917247,1.37208874224364,0.57494020687871,1,2.92105300083667,4.88889448940228,34.3219278017498,7.3287604797876,11.7456363010837,21.1170147047954
352,34.6546874158618,7.57555783521005,7.16808885068878,11.0500242827214,8.28577572615566,7.85333118233438,12.0072929559099,1.79736349556359,2.74550994832484,2.59279579123544,2.24273164548794,3.37443961344192,3.21605516150896,0.760114492222679,1,4.02914227891445,8.02379230095877,17.9547779439291,3.38564753479996,5.6215188991031,11.0646149118157
354,35.4704972536378,0.00186639645609647,0.0014581152464481,0.00341402001340621,8.53597365949273,5.82415331092956,14.8195849684611,0.000406204216201014,0.000911999229620961,0.00072647074738913,1.67832728881847,4.54813884704345,2.88820940161101,0.000231535427116157,1,0.151200202973125,0.0690950180687652,1.095823047504,2.98055334521939,3.80919708212576,10.3803859760342
355,18.4832760943887,38.821724502273,19.8360876678661,23.4727362091849,8.89569162002515,4.63428580745564,5.47486036713952,9.46262570522743,11.2714407438537,5.85355976346928,2.5636389714114,3.03829588451259,1.61683243883398,3.23460864585191,1,17.9738897509078,15.9761173718508,18.0769413868697,3.07414439161305,3.52798645630133,6.63310600579104
356,0.306929361283952,17.2130700762187,0.161713616831863,0.145406199957692,10.3240681478039,0.0926113597576041,0.0854680107748777,4.74433393443715,4.14252417873049,0.0452198073173889,3.20169486070604,2.88048524006169,0.0298676366139562,1.35558110949004,1,1.1108674884611,11.3350138818238,21.570711559643,0.43248875207897,0.780683129365907,0.852527612745913
357,17.0101341503702,17.0242162435519,26.6571905483048,36.2914901395706,3.93478958407604,6.0599655836132,8.19551567934519,6.06209814591348,8.2021396591139,12.529991180615,1.63671180132762,2.1933498101708,3.29166131943726,3.29393123442848,1,16.7283822071916,11.8806552373039,12.2499812139147,2.33936203001955,3.57944175656913,5.76228806386946
358,4.25423233329528,0.0724205874908857,0.0513747431466813,0.090129918232679,2.3418081614754,1.49003077212523,3.03865826847817,0.0294081257125489,0.0536782750560078,0.0361522786207101,1.05102521598287,2.08325754219637,1.20405433736746,0.0247735909299528,1,22.0528687945259,5.93666756324951,4.98825288895399,1.74908037533384,1.95221507930229,2.14417020631125
359,0.451349065710561,16.3161802242103,0.432006595585972,0.306177507791267,6.94836645160934,0.181437782766579,0.129385494947653,6.03609688795626,4.18628499503052,0.124504046584855,2.98379723411754,2.06979673993122,0.0597409188863524,1.84773902004172,1,1.65665535880545,14.554846741037,12.8659037842876,3.70978683113186,4.45280114028538,6.49679242512675
363,2.55980390755674,0.761642169685039,1.95233248355429,2.00576727881276,0.874591556246694,2.44678072276667,2.26708723272601,0.676033011179129,0.701550803755016,1.73025861506266,0.952468430806722,0.911367358422585,2.36555661011709,0.667708640272246,1,0.689987305978591,11.2489743867298,2.73520732226712,0.329289113401252,0.560900852534491,0.783301451818423
366,0.276842099926221,25.9016107135893,0.178322066422544,0.135452194418041,11.5209417294147,0.0851121210515512,0.064680888803404,6.39958049807304,5.34165820321643,0.0420951645241367,3.60806096872752,2.80365168307232,0.0234966637764429,1.59635950897353,1,1.62972211775704,13.3971478466729,18.7150297195185,0.867137070185725,1.59442677433221,3.7184213458234
367,0.354823724158021,0.848770164225114,0.0132514187245617,0.00784454337667433,9.89478849862734,0.125097024981108,0.0772988325196495,0.336038124129268,0.180387094623524,0.0032317705643856,3.91128750329453,2.26347775653514,0.0319950925613454,0.0840418726305877,1,1.31399613833004,24.0626527191985,51.0622857913841,3.28241063494645,6.04705221420344,14.8429654621397
368,67.553438296401,0.00781617865696006,0.00644941474584875,0.00736137482268709,14.1415775906519,12.7436657728966,14.8052471514596,0.00189254495499732,0.00215402031201088,0.00178886593684396,3.24111857011432,3.83142674661326,3.36444312198573,0.000622465525225867,1,0.118821674055681,0.146697970605863,2.06924187307702,7.62021840270393,11.5380962179193,26.3328356381114
369,31.7123195091248,31.6160957599729,32.3839184969729,49.3107974658378,7.4324404336581,7.6009183896265,11.4586870372215,7.57150881024035,11.3785431220672,11.6446395190938,2.1142924924385,3.13934857068516,3.20627964413652,3.18395678607073,1,21.4297907487802,19.4428770122991,23.0115406791927,3.50402914029136,5.56666805074926,10.5101264523226
372,11.662150414349,0.017764792416872,0.00402328868007222,0.00308272767689001,12.3465529205298,2.86230706556975,2.14481383293728,0.00513131158469948,0.00389321282282949,0.000939750290405248,4.14557177976122,2.60050639122033,0.641721905299487,0.00134590857038127,1,1.80228964302739,7.82660645733246,18.5380579933288,16.3180360144662,15.9785849515118,43.0995965241771
373,1.52490294752178,0.697138853044764,0.650220602664325,7.53461325193402,0.548115203060532,0.503350379927309,5.90777372312391,0.236299254047633,2.65585498478925,2.48424545026072,0.21144750556458,2.38651807593315,2.22391274254346,1.01029327439638,1,0.262927997294331,1.9185391759638,1.64454233488743,0.343092281421195,0.379363092634774,0.598450581750114
374,0.48646981824033,0.0366091911407967,0.223543748748135,0.00901373506435192,0.450896149246064,3.65583233690136,0.0973283167159615,0.203233865035737,0.00788893543855063,0.0461820697068579,4.25035083461681,0.103301720047538,0.791752066480323,0.0480618275687676,1,4.28242031768461,65.0037575266059,1.42817397632034,0.601641183052445,0.937760912779906,0.451171202912456
375,50.2970561070722,9.57118290689437,9.25963369454028,9.08112637421038,12.060338014159,11.6399579078567,11.2779005272204,2.32833816805044,2.27258737349601,2.20407918596352,3.32930424756201,3.22987233785466,3.12706925483334,0.659517735914111,1,7.45772416049412,9.03033051754149,11.0583575447825,5.82872995923391,9.08917950698842,19.5097404426142
377,27.7154424387749,27.7399261354221,27.7215572795238,27.7215572795234,7.93450483829503,7.92951628804059,7.92948758574765,7.93602302299389,7.93608146836186,7.93117801970097,2.66659549082334,2.66660404275671,2.66503290064364,2.66710177607837,1,14.4460852783182,16.6080649490336,20.144269480837,3.88586360998205,5.76207583961589,10.5451700768357
379,13.1768325341212,9.19522342393467,5.82551712548712,10.7857560338428,5.37374652368366,3.44013672918917,6.21882304742162,2.39739205463768,4.28108348866416,2.77778012625079,1.65051514702116,2.95802512512331,1.8841868947778,1.29468186193881,1,31.3133557159108,15.8204433923661,18.4764714916658,1.32196854927875,2.16526082984529,4.59806965446203
380,21.3006434150182,20.9569208623174,10.0873703406721,12.3284268186251,10.1765849087755,4.92809952988766,5.96942704996644,4.8346462187873,5.91941825322133,2.89240466744004,2.7062482358472,3.3225245530722,1.62397148658573,1.60577509200705,1,7.37291204526508,14.8218896457829,34.8220244652495,2.51837309078377,3.88468013340025,8.37102452103033
381,36.6739644032322,0.00262707988160526,0.00164594235702539,0.00199499065556694,12.9701622244481,6.91834270355103,10.0317333874568,0.000675697514414873,0.000812988409601125,0.000515295098398675,2.88596241525795,4.09224443000357,2.17984145472514,0.000245556626525296,1,0.027468175046602,0.512595964748653,3.7979254242521,26.2754265539111,19.5232279124982,31.5815021988672
382,1.5282355685402,3.58397014341211,1.27536920925902,0.388912094027545,3.75674958205678,1.16978043110052,0.369856587276207,2.7749849644752,0.8531877937488,0.299973155763508,3.24182895147254,1.04135669448483,0.317898158234952,0.77594151333939,1,32.5518221608668,56.2996882861308,15.968902958557,1.81257939150281,3.26588495390774,3.74213366824221
383,15.6715495142831,16.7797850902949,24.3390174000767,33.498262723629,3.89880682530837,5.57278802058978,7.63862672094225,5.95219766627034,8.13520275641519,11.6852694042545,1.61181498892498,2.18758582957461,3.13161758937939,3.33093225501676,1,13.1222947543139,9.98418147798658,11.363421287558,1.69291013392456,2.6173345385606,4.91713039355329
520,0.00149369462966661,4.35147216190763,0.00446771870400217,0.0130106828291699,0.785925879268578,0.000979112282413204,0.00274488394679396,3.31530766825504,6.82665129275356,0.00812781228136504,0.67797946735817,1.39447325443028,0.00198624186227096,4.43104116660522,1,0.0174474815560227,0.00313807176367575,0.143948244854787,0.00722281103227408,0.00606812124734082,0.00570266000124125
522,32.8392387807231,0.00462212287195449,0.00266573445401602,0.00210545655334658,18.5433135400134,6.88563539139492,5.53740792713298,0.00127697229336527,0.00101945985093701,0.000596813255098889,4.41693696773718,3.63339446670201,1.41225274983764,0.000334725411059583,1,0.0291721720202814,0.0833145562152687,8.20783033377012,6.07817325099376,11.7271347401835,24.5780155800992
523,1.58204689610644,0.586570152806708,19.1423638022638,0.590455983640403,0.390466970374795,12.6648586308239,0.391000824726983,4.37752320501119,0.150259225225133,4.40998460931295,3.35839238105677,0.114931170941387,3.36388833170809,1.19504556600625,1,2.8349457346921,5.06821687642079,0.618123871196505,0.337354767815959,0.503931776271144,0.564832423089218
526,51.1151746951039,2.42858776181299,3.12070646273657,2.83054334094251,10.0789114509393,13.0616438610368,12.2108269054472,0.671985372311549,0.611220973316548,0.78286242276142,3.08553620918677,2.88491308972875,3.72849918169104,0.201152455851207,1,2.49209892839522,2.39864098714508,8.34390907380451,9.66525279054039,14.137780099962,14.2019679358212
531,0.584933616548746,10.149802712312,0.394668245948735,0.18003285512448,7.08337218565805,0.277576874679394,0.128632750250437,4.30727290319216,2.03928800040296,0.0871099695174007,3.82821414272578,1.65965406333061,0.0712662014297761,1.02455498050211,1,5.49204451241079,34.2059141022217,20.7372583374048,2.78912056587556,5.14719537548601,11.8733667472682
533,1.56240386828081,11.8989953314683,1.31119858539223,4.0883286238347,3.48307552621452,0.4211901717777,1.28114800123229,2.98547289430027,9.31063295773193,1.0629372639424,1.03760423655605,3.06579767586861,0.39295293963643,2.68925381018052,1,0.946264179229952,5.83339062024874,7.8707487988467,0.477262179884906,0.666897011083208,1.12332732009429
534,0.414687909518448,0.0501474966690336,0.00265999205007908,0.0107506162378353,2.27972035309873,0.0997926933109985,0.429388071850441,0.0129312846197972,0.0603348458446955,0.00293141505457088,0.606647134603229,3.25736601167828,0.122125584386459,0.018559413249354,1,0.00423614394343089,0.114161806076228,10.3456825819607,0.960657767529099,0.74252759937921,1.12992732774474
535,5.03044379491033,1.35172179989923,1.23945879857525,15.4156726619953,1.18503046741994,1.09137033857959,14.0900282581342,0.305674063969879,3.52543277674795,3.20399869274018,0.307671967681957,3.66842034500655,3.36550640502719,0.879408441193211,1,0.717796145344456,0.963637029165936,1.32535408238832,0.650945620832329,0.749849492335242,1.47998443565845
536,1.16293504638425,0.00551389451806151,0.0479421178338036,0.0211839541266378,0.240914578091002,3.21318534873194,1.13099654380293,0.0108763737658028,0.00488190132205219,0.0441751424041289,0.733327304134927,0.277511666664492,3.92181453607124,0.0113251265100128,1,7.10853702982199,1.35046291941598,0.125169068850332,0.412028348176319,0.329196190485489,0.355290725081016
537,0.870552491594096,2.09398561905735,2.12134427271972,0.610490268246066,1.19791551925308,1.22816178995068,0.364370662481262,2.72927606739016,0.826777416676699,0.8585087935595,1.95305745955443,0.560788561214391,0.594269127457684,1.23307338592471,1,44.0877615619429,28.3249593490474,4.17293504226185,0.396054149505835,0.47932116638574,0.493819461172198
538,18.9442899032086,0.873032636750532,0.755968613468753,1.79935006728511,5.04198460352866,4.3938299702807,10.5721195703677,0.223037171594586,0.515575143406392,0.447737039131466,1.38814013528965,3.24046478434372,2.8402780654194,0.15192563203398,1,0.549264557097503,2.03663380657232,6.41990148217363,2.62005650369483,3.08198213213092,6.4922648497172
539,0.296603263946294,1.16497710163218,0.0732826319296905,0.133361956465576,2.00290700620823,0.135867294917618,0.246490075063517,0.542230957461158,1.06711481114809,0.0625380698645231,1.03075899498497,1.78932381394676,0.12938953545305,0.553846879588384,1,0.210777162608507,11.3533420342816,8.11263732548221,0.225319326000813,0.259988440040132,0.548720975537189
541,1.8954683103005,0.0178234320847901,0.00152314301356992,0.0035969337344128,4.34557270719207,0.400705178021975,1.14577646921559,0.00425595702904057,0.0105993992042888,0.000901852832487565,1.18176273539533,3.39726525623209,0.28246167188194,0.00292628804637775,1,0.0231101712606215,2.28841910906043,13.2230633820567,6.63370391418204,11.0619572852983,26.2273517085761
542,8.67586897604718,0.851662587936427,1.27920306339684,1.50024369934346,2.67089276239074,3.95785071224841,4.46322528280164,0.419769221905045,0.484458668257381,0.726790676956988,1.44556718293842,1.67059981817074,2.36797271611493,0.27790777633417,1,28.0221028228887,10.8776150821285,5.66685550865868,4.20309697871557,4.78069614387544,2.56899903022402
546,38.5007985026935,24.5670329746942,24.41761992698,22.8926344801469,10.0663556050578,10.0054200809678,9.3805288185749,6.4725354042939,6.08898401613915,6.02557282787516,3.10307336255005,2.92232453721774,2.89017150587173,1.88143711720068,1,10.9897479987098,12.3935199315826,16.2523332688671,4.83550840709362,7.95498195613883,13.5425483290648
548,7.1705351791694,1.12760819762363,0.639469113939214,2.9353112091788,2.98447459984552,1.60317586097622,7.50094782597584,0.26667086370434,1.17157389161393,0.67510734855675,0.781583415214278,3.52222005583433,1.90271014831582,0.317515138595181,1,7.21304279784171,1.89541339245605,8.33096183508208,0.914546490961496,1.01436715794818,2.24363167543455
549,1.28093589841627,0.0228866792219302,0.0486779982307549,0.0788039807164462,0.505068486128338,1.21235611390927,1.98880402409412,0.0198140269541268,0.0308918468165223,0.0668125019644056,0.562826177753182,0.808828481067827,2.16312885931011,0.0307976029850208,1,0.0461772348712955,3.26391669220711,0.778045169071562,1.45077575652811,1.28221349784737,1.03449702285192
550,0.196174653189505,30.1414803165888,0.135681272413778,0.115441084280669,11.4395660330483,0.0562816140070416,0.0478884586291148,7.62474885861937,6.47453560890682,0.0335437915242504,3.45354751031889,2.88527412113964,0.0160945507741148,1.98412164858623,1,0.237430267258507,0.689117283424202,14.299430166384,0.444629902479335,0.746970259687651,1.77581252292946
551,18.0885518643597,7.00708347163604,4.7875173345013,5.48646258213829,7.42245177634457,4.96266230717364,5.7876415108336,1.99713447457222,2.3191589809063,1.57875802744229,2.37295766922234,2.82184620726865,1.89577721627226,0.769885984863848,1,25.7093343452861,19.6151552045051,23.5774123365826,2.75508354979428,4.30209355237377,8.45909646974515
553,25.6912827239288,0.00207617633279722,0.00163942468015944,0.00237762363243511,7.55141014437131,5.97111597496485,9.1492960361744,0.000598296776516968,0.00086818258397827,0.000678067231591178,2.01483117792921,3.29365709243297,2.564160843324,0.000292352582940397,1,0.0544685933573903,0.0322339372673697,1.836217775722,5.21735901440961,7.94451998657054,11.8974760053638
555,47.7339333925383,3.82542227160264,4.71594971379017,4.02379427672003,10.3411420097599,12.6192826435777,10.8235121668327,1.08038310686514,0.929944245492354,1.1378130257922,3.26993180179356,2.80381015484309,3.40470114452071,0.310676477577964,1,5.41887006636826,13.9697948702077,14.1512875778472,12.4174912585137,18.1020778215803,13.683699375185
556,69.6466232340582,0.00538340116923378,0.0103907987549773,0.00534225388992716,11.4783531986729,22.0968783282281,11.5419168441012,0.00223154847537772,0.00116783990015133,0.00220186063126714,4.38059727008255,2.31358112599165,4.37682604063953,0.000566724970982143,1,0.008168616705362,0.0133150858124641,0.289265290949851,4.40035379233686,8.64507210074663,15.8966135724436
557,0.305907769569517,0.770722892282174,0.0907661263974301,0.531993712455826,0.807115968598271,0.106881431489975,0.641484489614981,0.263893356065835,1.57986615597684,0.182449165278102,0.328666650988541,2.34157598761216,0.250419139698495,0.616022916982468,1,1.20528106529793,0.175996437672398,3.25065358010528,0.816527370813187,0.93792358245841,1.35344029271507
558,0.0258516596437557,9.81654919667297,0.00701820469318332,0.0136956134789997,7.98284887977117,0.00645398964891265,0.0125445240367706,2.05206785275959,3.52016139746636,0.00342263797490996,1.98081717968181,3.35770971491243,0.00367611216694907,0.930334903082094,1,5.40787866203859,2.57728781147927,12.810343143705,0.264486466286897,0.41678964880478,0.62988599519188
559,20.5315884288162,20.45208099272,21.9525862923028,58.2452077674638,4.58321002412435,4.88962576757333,12.5353649276684,4.87468714410539,12.5536441523215,13.2863537867452,1.29867237616237,3.24368619514866,3.41390172825678,3.42223863476137,1,22.8477956257931,13.9428228515648,15.3853295794554,2.18553053187434,3.48096803699916,6.01232050813815
562,51.8210803732609,0.00339642054441539,0.00896773106444062,0.0034999228811028,8.85656422868808,20.6877432119274,8.91079081259444,0.00197535006825028,0.000791610965701418,0.00203614909894688,4.27870670823842,1.84768286216972,4.20680079646135,0.000535373647711285,1,0.0678228466056416,0.397364621653515,0.189566731918293,3.90813461328589,7.58120724390833,11.8657726003801
563,15.8688786700401,0.017741197774878,0.00289949818072227,0.0028966563902572,17.4367789845335,3.13349705079998,2.9816984293193,0.00416068748198016,0.00416159079170632,0.000711698462013887,4.11539285271456,3.70655650795652,0.708869877036153,0.00116169916902746,1,0.050075086071656,0.37063303730856,26.6869664272896,16.5184276370989,33.2061797049801,66.4054687631639
564,28.495921630233,16.1515789537659,11.5551863118524,10.4084661448477,10.3705690974421,7.42070961179459,6.70286252568994,4.30812079551832,3.90381205449466,2.81882024198416,3.17465919362997,2.88013492916892,2.088403382334,1.23873619689853,1,9.20933926155963,11.5363055119058,32.1575734603995,4.5713808144727,6.90455462357294,14.162494498278
565,54.6418522412985,2.34336523477194,2.31571783972248,2.47332802406153,12.1605484938162,12.0240056145348,12.6763416360456,0.572044724762169,0.609919605561866,0.603354965571679,3.20878007966653,3.37556631813962,3.34624091992362,0.177091617403616,1,3.43948308766251,3.85061244552165,6.35236596881477,4.64277388670604,7.66596567714391,16.404827920812
566,11.9113533726797,1.09807876880973,0.691286829150255,2.78665739779869,3.77947001272654,2.46660253525953,10.0216122265535,0.247395895678352,0.977653809825712,0.609842718970035,0.930396007073261,3.68859499641641,2.40589654208119,0.252632553531465,1,8.97874034464624,2.50451026019436,8.75676229939784,1.15106636092009,1.9361959768681,4.4504846268906
568,9.21100374199487,45.7141947445992,8.12859015331695,8.11590196310502,11.9320969178227,2.21764862500185,2.21545992460088,10.4969267300292,10.4282947180337,1.96497118650689,3.23355660901693,3.21579418196997,0.636321358997011,2.84565510920344,1,5.36575859330048,6.79618792929396,9.38048695933163,5.2655930562505,8.41469993776992,17.9873356833065
569,7.01470841396724,2.71047152765489,1.33007702500342,0.602616687940268,6.81840817210991,3.21896348047648,1.41919405058634,1.31958268027628,0.568046155281686,0.286881254794586,3.87803864165343,1.59378315660603,0.760462275704337,0.325261858143659,1,8.71296610871034,59.2320221397889,28.5930190232001,1.27267418886678,2.24374059930353,4.93726085481376
570,2.66073222521431,2.59849904887863,24.1358060233391,4.67849634125454,0.703288429706665,6.18396955474854,1.24694109276572,6.06971502008941,1.21647594484758,10.5155949977706,1.84188387479774,0.381397944434102,3.13984659351693,3.04059597602621,1,5.56415229653598,3.21231842869132,1.64645891562472,0.337652202966071,0.50480416935765,0.851227537106865
571,2.64906901610143,1.67546056281354,1.92874618737142,39.5247945349364,0.600685812986003,0.689890919142659,12.428093115277,0.440388533867368,8.15604957566583,9.57148742130805,0.183511882039424,3.05154227258584,3.59659716479188,2.35960521328492,1,2.38747940470674,0.996179123601999,1.43363163002596,0.477869867257843,0.383467786416735,0.808755702950453
572,71.4068009963883,0.0130113032496919,0.0125075067601755,0.0159199979985922,13.7294839266003,12.7111239131792,17.7870869558305,0.00296272005380266,0.00374577497473948,0.00360627123610621,2.95592330678086,4.09288613477527,3.79209291891062,0.00100507638205237,1,0.0369547180694512,0.218198923680935,1.47183141137995,4.02395452247784,7.02449905451392,17.6445704073572
573,24.8639883664946,3.54941167331678,5.17274501381915,2.91885120764712,6.86130158584788,10.3274300095161,5.61236928415287,1.47259982215892,0.839363815753602,1.21183946808153,3.36338355446966,1.82871338945017,2.73794519773851,0.403420723652677,1,8.17173578862457,25.2861511164594,15.1028893988447,2.04297888740759,3.42493739804904,7.38888101413682
574,7.32959572412396,12.4351353833771,10.0849088500787,4.59327846040276,5.09660188085258,4.08280170950828,1.90061470454871,6.71702634472773,3.19774656806335,2.5794935259076,3.14346293413473,1.52709452211457,1.22234142715303,1.97277977801319,1,10.0597369215299,37.4064886122621,17.2239537838182,2.63797652032417,4.28602247420208,8.57733863925151
575,6.98439866083323,11.1901089558358,4.0547936307043,2.34241787036707,7.75991442849599,2.72257942262072,1.62130191514339,4.38195585855661,2.55209589689635,0.951271756109979,3.40060317250228,2.04718521037034,0.737726884583644,1.17263752380761,1,11.4274621943316,38.0226745046038,28.3892733502644,2.67043457182874,4.58646518400377,6.41701658359734
576,0.603433511703675,0.290299536161278,28.7732872056191,0.3257906452214,0.141313149259604,12.5155146510153,0.157981409337374,5.92290919013092,0.0777001480147682,7.01137869984434,3.04741498814592,0.0435748615825119,3.60405514225519,1.73477496482434,1,0.700427621064971,2.79961715756299,0.261544927425032,0.107640341770607,0.147287469948251,0.196783578692409
577,9.16296308825352,9.08605804391165,5.19977582125539,3.22427391351817,6.52830794179469,3.59536336317995,2.31420076738281,3.66208912560488,2.29583567199921,1.3278051908126,3.07295867202869,1.90215941372007,1.07025190610856,1.08445820807883,1,8.51179531801342,40.1872197019984,24.7222129000053,1.81661152876674,2.92696075512178,5.09352452399483
578,47.3827696422072,0.573010235478502,0.492101533004197,0.566749508529707,11.9565247368059,9.93834069749598,11.6935596033523,0.135965671271451,0.155986747125058,0.134339311554191,2.99786135712492,3.52379647866326,2.92876700279296,0.0440360699443214,1,2.31971765762071,2.62603766938349,10.2695214656292,16.0192920256013,12.9296571370251,24.0912606930009
579,9.53507175622604,1.0817352320528,1.67250794113561,1.67845744652795,2.89602537852713,4.39123076950372,4.70493844022778,0.510477146195257,0.524434209483461,0.792422694313758,1.58544783581085,1.68525144355447,2.48148513632362,0.282575869775057,1,28.1361553873694,13.0013834185154,6.58185452140331,2.23005972067162,2.56362599178407,3.63034706071251
580,14.3323761415045,0.00880889822547339,0.0342223072329597,0.00801953680684938,2.93491368662611,16.4964051473521,2.88849256846061,0.00821206877131139,0.00204125289156467,0.00761880391729074,3.72692000805188,0.708709322486883,3.84928261313721,0.00219767295085249,1,1.43430026118226,3.44767713532524,0.835714975880326,3.05408979022866,5.72305879608476,4.09482932352975
584,46.9020508123229,0.269796776315863,0.187494726811835,0.166678328682612,14.6915946700845,10.6966351730154,8.83585379818985,0.0668502512787935,0.0598460541982947,0.0420698459659236,3.95299509592656,3.26635910344712,2.41336571336685,0.0176785119378136,1,1.44630371113901,7.11040725118757,17.0730405245138,5.03215481141215,8.58652598415554,19.1038522530314
585,32.7024780324999,32.4523134086351,45.3780051740223,37.4818889339493,7.55262180345375,10.4599464136707,8.66844732486647,10.355218352232,8.61816362167131,11.9536271333865,2.83372325695518,2.36887969763387,3.24724803501252,3.22069900941727,1,16.7112968560226,20.8622778143083,23.4415796276732,3.85815441394039,5.87037256618013,11.9697897686418
586,56.8755528404211,0.040518680582416,0.0442928930698457,0.0410066889167175,11.8061089885034,13.8790330748732,12.1383198636778,0.0115216726580561,0.0107167625371824,0.0116603972198711,3.4518754956151,3.04119350999226,3.51357770330105,0.00359768755951174,1,0.144135838229535,0.196529923723869,1.99083536745275,6.06057489343837,10.0986016072913,15.8936396676852
587,0.475221357206846,3.77652024242334,0.0236923461117619,0.0224423043294683,16.4537522421893,0.107607253146436,0.102097355384673,0.818299540662502,0.779117656865512,0.00563570834649923,3.91677854276298,3.66598949035385,0.0277298737447535,0.202552743713783,1,1.10127238044761,8.71656477658168,70.6650933296299,0.503801103293393,0.856418726708588,2.06562402481504
588,2.05600934583687,46.927042654399,1.49862931196681,1.54339038299914,13.5898997455247,0.475474113475819,0.490335888328818,9.89187968424089,10.1389012213944,0.360925074615839,3.40670078892443,3.5030892866271,0.134576901527388,2.56767495033091,1,2.5909546666719,6.02640733420236,22.4366791888585,1.14253353938445,1.83610692360525,3.70466149055175
589,0.221829660947696,0.00220281559298009,0.000883088318736303,0.0318017403393534,0.128701820822337,0.059160943337692,3.57055252237361,0.0006537193205236,0.0249727063230166,0.00912962385835558,0.0445287055976143,2.82160022069879,1.05677119707661,0.0081152544507948,1,0.0010641644221204,0.173324534316757,0.262732918769664,0.0593315789613649,0.0468922103497111,0.0995942008679521
594,7.11691783912585,9.08685258508444,8.34565975475047,31.0472921427338,2.28131870036193,2.10939498735054,7.44478629370394,2.66844340387162,9.32986981294726,8.77640969121289,0.790914045554784,2.65430512953927,2.510933466759,3.16530201053407,1,21.1755943961528,7.53490332503305,6.98274865141035,2.28947266664345,3.08600900945311,3.27454428831746
595,5.12502020505764,0.00140553078821382,0.000210104397948792,0.000173271685566174,13.9383259724006,1.24351508600768,0.947021803722837,0.000433715609906147,0.000341524997230854,5.41755321849324e-05,4.11949471299285,2.84198139846562,0.288320018992922,0.000124550460731434,1,0.569527975863345,3.19893300173036,20.3433893462222,829.643156984273,724.69479702515,496.156450995281
597,8.70221329042672,2.22211548850317,0.365174475027531,0.399195359643412,12.673212614569,1.93329106593028,2.11075896200235,0.518093537759068,0.567617241580247,0.09748861674721,3.22001847139334,3.45488245073277,0.551893573991803,0.156806629047797,1,1.63075226984279,7.64700344080561,47.8800410484514,7.89400253347784,13.8950019066198,33.0883063168418
